Year,State Fips,State Abbreviation,Share with medical debt in collections,Median medical debt in collections in $2023,Share with medical debt in collections - Majority White,Median medical debt in collections in $2023 - Majority White,Share with medical debt in collections - Majority of Color,Median medical debt in collections in $2023 - Majority of Color,Hospital market concentration (HHI),Number of Closures and Mergers,Share of the population with no health insurance coverage,Share of non-elderly adults with a reported disability,Average household income in $2023
2011,01,AL,.223,776,.206,786,.28,760,2137,0,.143,.147,77494
2012,01,AL,.222,746,.203,730,.283,783,2407,3,.133,.149,76141
2013,01,AL,.233,755,.214,751,.297,772,2457,4,.136,.142,77554
2014,01,AL,.2,795,.189,815,.233,749,2557,2,.121,.144,76536
2015,01,AL,.205,836,.194,846,.241,798,2532,1,.101,.149,80100
2016,01,AL,.2,844,.188,856,.24,825,2585,0,.091,.144,82054
2017,01,AL,.199,849,.182,810,.261,930,2533,0,.094,.143,82462
2018,01,AL,.207,971,.188,925,.277,1102,2575,2,.1,.143,83837
2019,01,AL,.201,1138,.184,1095,.266,1272,2621,1,.097,.138,85190
2020,01,AL,.195,1151,.179,1095,.26,1313,2729,2,NA,NA,NA
2021,01,AL,.187,1109,.172,1054,.247,1264,2596,0,.099,.143,85374
2022,01,AL,.152,868,.141,828,.199,970,2565,1,.088,.147,86371
2023,01,AL,.066,1370,.061,1374,.086,1316,NA,NA,NA,NA,NA
2011,02,AK,.169,1241,.162,1242,.201,1195,1215,0,.201,.097,111977
2012,02,AK,.17,1334,.162,1281,.206,1468,1226,0,.205,.106,112459
2013,02,AK,.175,1342,.169,1354,.209,1337,1316,0,.185,.101,116093
2014,02,AK,.176,1521,.167,1519,.218,1655,1198,0,.172,.098,114673
2015,02,AK,.172,1595,.162,1601,.215,1598,1263,0,.149,.103,119398
2016,02,AK,.169,1619,.163,1640,.2,1603,1233,0,.14,.11,118465
2017,02,AK,.161,1760,.155,1742,.188,1884,1135,0,.137,.118,115200
2018,02,AK,.159,1597,.155,1621,.179,1552,1319,0,.126,.116,116587
2019,02,AK,.155,1475,.151,1471,.173,1524,1260,0,.122,.105,117401
2020,02,AK,.148,1552,.145,1594,.166,1494,1445,0,NA,NA,NA
2021,02,AK,.141,1533,.136,1602,.165,1304,1462,0,.114,.122,113032
2022,02,AK,.037,584,.036,625,.043,523,1422,0,.11,.121,114032
2023,02,AK,.036,1406,.034,1413,.042,1365,NA,NA,NA,NA,NA
2011,04,AZ,.212,914,.18,959,.276,867,2293,0,.172,.098,85240
2012,04,AZ,.219,924,.187,952,.283,891,2323,1,.176,.097,86052
2013,04,AZ,.227,971,.195,991,.291,948,2381,1,.171,.103,86835
2014,04,AZ,.226,1037,.196,1031,.288,1045,2576,1,.136,.104,87654
2015,04,AZ,.223,1116,.193,1109,.285,1125,2585,0,.108,.105,90810
2016,04,AZ,.203,1097,.174,1094,.264,1102,2540,1,.1,.107,94014
2017,04,AZ,.195,1106,.167,1058,.253,1175,2542,1,.101,.105,96277
2018,04,AZ,.19,1078,.163,1042,.249,1132,2576,2,.106,.107,97653
2019,04,AZ,.182,1118,.156,1070,.24,1175,2590,0,.113,.106,100636
2020,04,AZ,.166,1085,.142,1033,.219,1158,2680,0,NA,NA,NA
2021,04,AZ,.153,1033,.131,991,.202,1096,2570,0,.107,.11,104776
2022,04,AZ,.11,726,.096,705,.142,776,2490,1,.103,.109,105486
2023,04,AZ,.054,1395,.045,1400,.072,1392,NA,NA,NA,NA,NA
2011,05,AR,.229,917,.227,912,.243,959,1625,0,.171,.152,72071
2012,05,AR,.217,839,.214,844,.235,818,1679,0,.164,.147,71819
2013,05,AR,.224,867,.222,870,.232,861,1846,1,.16,.153,72654
2014,05,AR,.231,915,.231,929,.236,865,1944,1,.118,.15,74256
2015,05,AR,.235,926,.23,915,.265,967,1911,0,.095,.15,76202
2016,05,AR,.218,889,.212,884,.256,934,1948,1,.079,.153,77655
2017,05,AR,.225,794,.219,796,.267,791,1908,0,.079,.162,79009
2018,05,AR,.218,723,.213,733,.253,677,2053,0,.082,.156,81017
2019,05,AR,.208,787,.204,791,.239,759,2088,0,.091,.154,81306
2020,05,AR,.198,756,.194,759,.227,743,2089,1,NA,NA,NA
2021,05,AR,.194,721,.188,716,.238,739,2166,1,.092,.151,82229
2022,05,AR,.166,578,.161,579,.203,576,2146,0,.084,.161,80017
2023,05,AR,.071,1383,.067,1374,.1,1416,NA,NA,NA,NA,NA
2011,06,CA,.138,899,.116,893,.15,901,1558,0,.181,.08,109516
2012,06,CA,.141,962,.12,954,.152,965,1546,2,.179,.079,109036
2013,06,CA,.143,968,.122,978,.154,965,1560,5,.172,.083,112103
2014,06,CA,.143,1003,.122,1020,.155,995,1612,3,.124,.083,114030
2015,06,CA,.139,965,.118,967,.151,965,1650,2,.086,.083,117960
2016,06,CA,.13,1009,.11,1028,.14,999,1692,2,.073,.083,123097
2017,06,CA,.119,989,.102,983,.128,993,1692,2,.072,.081,126496
2018,06,CA,.112,898,.098,903,.121,896,1701,4,.072,.077,130303
2019,06,CA,.098,940,.085,926,.106,946,1716,5,.077,.078,135348
2020,06,CA,.092,895,.079,858,.099,911,1745,6,NA,NA,NA
2021,06,CA,.083,832,.071,803,.089,844,1759,0,.07,.086,136010
2022,06,CA,.072,730,.062,682,.077,752,1762,1,.065,.09,136917
2023,06,CA,.028,1963,.023,1934,.031,1969,NA,NA,NA,NA,NA
2011,08,CO,.191,1048,.165,1058,.309,1031,2401,0,.151,.087,101394
2012,08,CO,.183,1047,.16,1058,.286,1028,2472,0,.147,.085,101511
2013,08,CO,.183,1076,.162,1101,.28,1033,2361,0,.141,.092,103828
2014,08,CO,.184,1048,.163,1052,.28,1040,2302,0,.103,.089,105921
2015,08,CO,.178,972,.158,976,.269,964,2319,0,.081,.084,110449
2016,08,CO,.171,972,.152,986,.259,942,2337,0,.075,.089,112033
2017,08,CO,.168,920,.148,941,.26,870,2300,0,.075,.089,114940
2018,08,CO,.153,916,.132,929,.252,876,2350,1,.075,.088,116754
2019,08,CO,.137,930,.118,951,.228,891,2340,0,.08,.084,123376
2020,08,CO,.131,874,.114,898,.215,819,2295,0,NA,NA,NA
2021,08,CO,.121,847,.106,866,.195,803,2302,0,.08,.093,124425
2022,08,CO,.098,702,.086,717,.161,660,2298,0,.071,.097,123939
2023,08,CO,0,NA,0,NA,0,NA,NA,NA,NA,NA,NA
2011,09,CT,.107,528,.085,508,.171,568,1817,0,.088,.083,124958
2012,09,CT,.117,549,.093,524,.191,596,2235,1,.091,.082,125807
2013,09,CT,.125,531,.1,532,.202,527,2415,1,.094,.081,127921
2014,09,CT,.131,503,.107,510,.202,498,2490,1,.069,.086,129929
2015,09,CT,.135,526,.11,504,.211,558,2510,0,.06,.085,130288
2016,09,CT,.128,545,.108,527,.189,565,2827,0,.049,.086,133627
2017,09,CT,.117,537,.1,525,.167,568,2931,0,.055,.085,133531
2018,09,CT,.124,535,.106,513,.177,587,2866,0,.053,.082,135059
2019,09,CT,.118,601,.101,591,.171,648,3103,1,.059,.094,136620
2020,09,CT,.115,612,.096,590,.174,676,3184,0,NA,NA,NA
2021,09,CT,.102,598,.087,562,.152,674,3264,0,.052,.094,134948
2022,09,CT,.086,501,.074,467,.124,572,3330,0,.052,.098,133435
2023,09,CT,.035,1260,.029,1230,.054,1342,NA,NA,NA,NA,NA
2011,10,DE,.254,744,.231,715,.33,818,3297,0,.094,.1,103491
2012,10,DE,.262,741,.238,687,.344,844,3278,0,.088,.1,98818
2013,10,DE,.272,748,.246,685,.364,868,3344,0,.091,.105,100707
2014,10,DE,.268,720,.241,667,.366,873,3388,0,.078,.098,101388
2015,10,DE,.232,770,.2,726,.347,873,3369,0,.059,.096,104286
2016,10,DE,.217,683,.188,667,.326,722,3522,0,.057,.099,103277
2017,10,DE,.195,561,.173,569,.278,530,3489,0,.054,.092,107621
2018,10,DE,.184,729,.163,726,.266,752,3513,0,.057,.107,103016
2019,10,DE,.186,894,.164,890,.27,911,3902,0,.066,.115,110179
2020,10,DE,.174,879,.152,831,.266,1010,4460,0,NA,NA,NA
2021,10,DE,.175,837,.153,776,.263,949,4613,0,.057,.111,107538
2022,10,DE,.154,725,.132,685,.248,835,4584,0,.056,.112,109778
2023,10,DE,.074,1666,.061,1614,.128,1786,NA,NA,NA,NA,NA
2011,11,DC,.094,485,.039,393,.127,512,1000,0,.069,.084,132990
2012,11,DC,.108,523,.052,451,.141,547,1282,0,.059,.095,135579
2013,11,DC,.114,514,.055,500,.147,517,1244,0,.067,.088,134567
2014,11,DC,.105,561,.05,484,.136,586,1215,0,.053,.097,133247
2015,11,DC,.097,515,.048,446,.125,543,1188,0,.038,.096,147327
2016,11,DC,.104,574,.049,505,.135,616,1158,0,.039,.095,145277
2017,11,DC,.102,638,.053,545,.129,663,1174,0,.038,.113,150530
2018,11,DC,.097,592,.049,546,.125,615,1207,0,.032,.095,151613
2019,11,DC,.088,659,.04,501,.115,673,1300,0,.035,.09,161337
2020,11,DC,.081,668,.04,704,.106,662,1333,1,NA,NA,NA
2021,11,DC,.07,670,.034,563,.091,699,1314,0,.037,.098,156141
2022,11,DC,.05,612,.026,550,.064,633,1342,0,.029,.089,155000
2023,11,DC,.017,1159,.009,1332,.023,1149,NA,NA,NA,NA,NA
2011,12,FL,.244,994,.237,993,.255,996,2360,1,.209,.099,85348
2012,12,FL,.244,937,.234,937,.26,938,2407,1,.201,.1,85241
2013,12,FL,.25,969,.238,971,.269,968,2555,2,.2,.103,85970
2014,12,FL,.251,1009,.234,982,.278,1045,2510,0,.166,.101,86891
2015,12,FL,.244,1005,.227,971,.27,1048,2533,1,.133,.099,90584
2016,12,FL,.228,993,.213,984,.253,1002,2544,3,.125,.103,92403
2017,12,FL,.213,1040,.198,1021,.237,1068,2513,2,.129,.102,94540
2018,12,FL,.2,1118,.189,1099,.22,1135,2587,2,.13,.1,97036
2019,12,FL,.192,1195,.182,1187,.209,1211,2630,3,.132,.101,99975
2020,12,FL,.184,1202,.173,1184,.202,1226,2664,4,NA,NA,NA
2021,12,FL,.168,1131,.158,1112,.185,1153,2663,0,.121,.102,100723
2022,12,FL,.137,995,.128,968,.151,1023,2754,25,.112,.103,103438
2023,12,FL,.067,1593,.061,1616,.076,1573,NA,NA,NA,NA,NA
2011,13,GA,.225,876,.207,902,.249,849,1229,0,.196,.109,86090
2012,13,GA,.234,874,.216,901,.257,847,1256,3,.184,.106,87091
2013,13,GA,.244,887,.226,908,.268,865,1288,3,.188,.109,87809
2014,13,GA,.242,938,.22,956,.271,916,1293,5,.158,.109,88578
2015,13,GA,.238,959,.22,959,.263,959,1464,0,.139,.105,91988
2016,13,GA,.225,1028,.203,1021,.255,1038,1511,1,.129,.111,95677
2017,13,GA,.211,1026,.191,1035,.238,1018,1660,0,.134,.104,98398
2018,13,GA,.206,980,.188,984,.23,974,1699,1,.137,.103,100094
2019,13,GA,.194,1053,.177,1089,.218,1009,1779,3,.134,.106,103055
2020,13,GA,.189,1101,.174,1127,.21,1081,1880,3,NA,NA,NA
2021,13,GA,.191,1085,.176,1103,.211,1065,1919,4,.126,.11,103931
2022,13,GA,.163,890,.151,913,.181,871,1920,1,.117,.112,103974
2023,13,GA,.079,1453,.075,1448,.084,1473,NA,NA,NA,NA,NA
2011,15,HI,.098,646,.102,524,.098,647,1864,0,.071,.077,106744
2012,15,HI,.103,584,.1,629,.103,583,1871,2,.069,.081,108575
2013,15,HI,.104,501,.108,634,.104,501,1902,0,.067,.079,113509
2014,15,HI,.109,501,.111,562,.109,497,2093,0,.053,.084,111805
2015,15,HI,.097,535,.094,540,.097,535,2103,0,.04,.077,118910
2016,15,HI,.107,494,.096,309,.108,498,2004,0,.035,.079,121755
2017,15,HI,.119,489,.113,502,.119,489,1899,0,.038,.073,122509
2018,15,HI,.077,282,.094,456,.076,280,1886,0,.041,.082,125180
2019,15,HI,.058,360,.058,NA,.058,362,1906,0,.042,.079,126629
2020,15,HI,.073,517,.079,294,.073,523,1911,0,NA,NA,NA
2021,15,HI,.063,485,.064,576,.063,484,1866,0,.039,.087,125663
2022,15,HI,.029,557,.033,NA,.029,546,1852,0,.035,.101,125949
2023,15,HI,.012,1440,.016,NA,.012,1452,NA,NA,NA,NA,NA
2011,16,ID,.153,1185,.153,1186,.231,NA,3453,1,.165,.107,76158
2012,16,ID,.165,1241,.164,1250,.222,NA,3508,0,.162,.11,77924
2013,16,ID,.169,1299,.169,1300,.288,NA,3482,0,.162,.112,79348
2014,16,ID,.166,1275,.166,1279,.228,NA,3615,0,.136,.105,82522
2015,16,ID,.159,1197,.158,1201,.274,NA,3625,0,.11,.123,82175
2016,16,ID,.159,1023,.158,1028,.302,NA,3694,0,.101,.119,86337
2017,16,ID,.137,858,.136,860,.241,NA,3571,0,.101,.127,86962
2018,16,ID,.138,958,.137,961,.204,NA,3618,0,.111,.116,89029
2019,16,ID,.139,1200,.138,1205,.204,NA,3452,0,.108,.118,94125
2020,16,ID,.129,1244,.128,1239,.212,NA,3356,0,NA,NA,NA
2021,16,ID,.118,1051,.118,1050,.171,NA,3330,0,.088,.117,101153
2022,16,ID,.096,777,.095,774,.155,NA,3484,0,.082,.125,98394
2023,16,ID,.032,1447,.032,1452,.084,NA,NA,NA,NA,NA,NA
2011,17,IL,.182,821,.151,830,.257,806,1921,1,.131,.082,98977
2012,17,IL,.183,859,.154,873,.253,844,2049,0,.128,.084,99802
2013,17,IL,.181,844,.157,849,.239,836,2066,1,.127,.089,102033
2014,17,IL,.179,837,.153,842,.243,829,2118,0,.097,.084,102168
2015,17,IL,.178,779,.154,798,.235,758,2160,0,.071,.084,106316
2016,17,IL,.176,750,.154,764,.23,727,2204,1,.065,.086,107355
2017,17,IL,.155,670,.136,681,.202,653,2265,0,.068,.088,109589
2018,17,IL,.156,673,.14,693,.199,636,2281,0,.07,.087,110937
2019,17,IL,.149,715,.132,729,.192,694,2350,1,.074,.091,114088
2020,17,IL,.143,745,.126,741,.185,752,2480,2,NA,NA,NA
2021,17,IL,.146,730,.127,735,.192,721,2533,2,.07,.096,112307
2022,17,IL,.123,664,.106,665,.166,659,2575,0,.066,.099,111121
2023,17,IL,.053,1370,.046,1407,.071,1302,NA,NA,NA,NA,NA
2011,18,IN,.225,904,.212,937,.314,764,2092,1,.145,.115,81652
2012,18,IN,.238,961,.224,995,.332,825,2099,2,.143,.111,81317
2013,18,IN,.239,1010,.227,1035,.331,901,2185,0,.14,.122,82728
2014,18,IN,.234,973,.221,1003,.328,861,2252,3,.119,.12,82917
2015,18,IN,.229,935,.217,963,.323,819,2273,2,.096,.119,86216
2016,18,IN,.221,931,.209,952,.314,825,2261,2,.081,.121,88376
2017,18,IN,.213,929,.199,937,.327,893,2310,0,.082,.119,88893
2018,18,IN,.2,923,.188,921,.299,939,2284,0,.083,.118,89471
2019,18,IN,.188,963,.178,973,.275,918,2406,3,.087,.116,93040
2020,18,IN,.195,957,.183,976,.292,869,2437,1,NA,NA,NA
2021,18,IN,.174,896,.164,903,.259,843,2559,4,.075,.119,92931
2022,18,IN,.144,779,.135,781,.214,768,2540,1,.07,.124,92461
2023,18,IN,.064,1375,.061,1401,.093,1266,NA,NA,NA,NA,NA
2011,19,IA,.166,731,.163,736,.322,696,2737,0,.089,.091,85171
2012,19,IA,.17,799,.167,799,.338,809,2897,0,.084,.092,85632
2013,19,IA,.171,757,.168,757,.319,751,2908,0,.081,.097,89040
2014,19,IA,.168,769,.164,771,.341,713,3049,0,.062,.094,89605
2015,19,IA,.143,656,.141,654,.254,666,3009,1,.05,.096,90036
2016,19,IA,.133,651,.132,655,.212,488,3110,0,.043,.094,93495
2017,19,IA,.105,607,.103,608,.213,527,3218,0,.047,.091,93796
2018,19,IA,.125,649,.124,654,.22,503,3274,0,.047,.094,93645
2019,19,IA,.12,725,.119,727,.21,602,3291,1,.05,.095,95665
2020,19,IA,.106,696,.104,697,.183,656,3220,0,NA,NA,NA
2021,19,IA,.102,654,.101,657,.19,567,3149,1,.048,.104,97267
2022,19,IA,.082,524,.081,528,.157,396,3044,1,.045,.107,96511
2023,19,IA,.036,1301,.035,1305,.065,1093,NA,NA,NA,NA,NA
2011,20,KS,.179,707,.169,727,.275,623,985,1,.126,.105,87433
2012,20,KS,.186,719,.175,737,.293,652,1017,1,.126,.103,88410
2013,20,KS,.195,727,.184,735,.305,708,1076,0,.123,.103,90024
2014,20,KS,.194,732,.183,736,.306,719,1081,0,.102,.111,91441
2015,20,KS,.192,744,.182,734,.301,791,1109,1,.091,.107,93936
2016,20,KS,.192,744,.18,740,.312,785,1124,0,.087,.11,93166
2017,20,KS,.181,761,.17,761,.304,764,1158,0,.087,.112,94252
2018,20,KS,.178,891,.168,891,.295,904,1190,1,.088,.114,95827
2019,20,KS,.181,1073,.171,1056,.298,1158,1210,3,.092,.116,98052
2020,20,KS,.177,965,.167,962,.283,984,1192,2,NA,NA,NA
2021,20,KS,.173,946,.164,956,.273,906,1193,1,.092,.116,97358
2022,20,KS,.164,877,.155,888,.269,823,1142,0,.086,.116,97058
2023,20,KS,.061,1517,.058,1540,.096,1420,NA,NA,NA,NA,NA
2011,21,KY,.271,798,.267,791,.434,950,2333,1,.144,.157,75998
2012,21,KY,.277,847,.271,836,.46,1108,2362,0,.139,.155,75299
2013,21,KY,.29,842,.284,823,.471,1274,2443,0,.143,.157,77592
2014,21,KY,.286,840,.281,825,.483,1218,2577,0,.085,.161,76012
2015,21,KY,.283,837,.278,819,.47,1260,2577,2,.06,.157,80471
2016,21,KY,.274,829,.269,815,.452,1077,2660,0,.051,.164,82333
2017,21,KY,.248,726,.243,725,.403,783,2688,0,.054,.161,83398
2018,21,KY,.22,557,.215,550,.381,643,2681,1,.056,.156,84605
2019,21,KY,.2,635,.196,632,.359,730,2623,0,.064,.166,86068
2020,21,KY,.19,589,.186,589,.344,673,2733,1,NA,NA,NA
2021,21,KY,.181,585,.177,581,.318,641,2786,0,.057,.16,85724
2022,21,KY,.155,489,.152,482,.291,615,2798,0,.056,.163,86015
2023,21,KY,.057,1186,.055,1191,.129,1128,NA,NA,NA,NA,NA
2011,22,LA,.307,817,.284,840,.359,786,2010,3,.175,.137,79680
2012,22,LA,.302,816,.282,836,.346,778,2187,1,.169,.134,80836
2013,22,LA,.308,862,.29,906,.35,793,2280,4,.166,.13,82575
2014,22,LA,.31,923,.292,964,.351,856,2425,3,.148,.13,82024
2015,22,LA,.311,956,.291,995,.356,870,2583,2,.119,.132,83427
2016,22,LA,.303,922,.283,956,.347,858,2904,3,.103,.137,83404
2017,22,LA,.289,876,.275,919,.323,820,2801,2,.084,.129,81931
2018,22,LA,.273,846,.257,876,.308,801,2870,3,.08,.136,84000
2019,22,LA,.245,1031,.23,1073,.279,968,2963,4,.089,.138,86596
2020,22,LA,.229,994,.216,1021,.258,954,2853,1,NA,NA,NA
2021,22,LA,.213,927,.199,920,.247,931,2865,0,.076,.142,85000
2022,22,LA,.168,769,.156,769,.195,767,3028,0,.069,.148,82434
2023,22,LA,.081,1517,.077,1517,.091,1517,NA,NA,NA,NA,NA
2011,23,ME,.18,807,.18,806,NA,NA,1521,0,.107,.13,82360
2012,23,ME,.191,844,.191,844,NA,NA,1534,0,.102,.135,81136
2013,23,ME,.167,794,.167,794,NA,NA,1478,0,.112,.142,81852
2014,23,ME,.179,862,.179,864,NA,NA,1482,1,.101,.141,84745
2015,23,ME,.191,913,.191,913,NA,NA,1792,2,.084,.141,86307
2016,23,ME,.193,896,.193,900,NA,NA,1665,0,.08,.135,89367
2017,23,ME,.196,934,.196,934,NA,NA,1716,0,.081,.139,91487
2018,23,ME,.196,885,.196,885,NA,NA,1713,0,.08,.141,89715
2019,23,ME,.181,1013,.181,1014,NA,NA,1939,0,.08,.135,93324
2020,23,ME,.193,1098,.193,1098,NA,NA,2421,0,NA,NA,NA
2021,23,ME,.167,964,.167,966,NA,NA,2728,0,.057,.131,98680
2022,23,ME,.143,933,.143,933,NA,NA,2751,0,.066,.132,97406
2023,23,ME,.064,1681,.064,1679,NA,NA,NA,NA,NA,NA,NA
2011,24,MD,.173,607,.153,612,.199,600,1460,0,.104,.083,123166
2012,24,MD,.184,606,.163,612,.212,603,1642,1,.103,.083,123165
2013,24,MD,.189,619,.165,619,.22,619,1756,1,.102,.086,125607
2014,24,MD,.188,583,.166,588,.217,578,1712,0,.079,.084,124869
2015,24,MD,.173,543,.148,531,.207,557,1725,0,.066,.088,128502
2016,24,MD,.171,584,.149,581,.2,584,1746,1,.061,.09,130004
2017,24,MD,.17,629,.146,597,.203,656,1773,0,.061,.09,131809
2018,24,MD,.16,604,.135,563,.194,644,1781,0,.06,.092,133203
2019,24,MD,.141,625,.117,583,.173,672,2026,1,.06,.088,135975
2020,24,MD,.129,600,.108,572,.158,632,1924,1,NA,NA,NA
2021,24,MD,.116,587,.102,551,.134,626,1919,0,.061,.093,134890
2022,24,MD,.099,538,.087,503,.115,579,1926,1,.061,.095,131057
2023,24,MD,.037,1082,.031,1096,.047,1075,NA,NA,NA,NA,NA
2011,25,MA,.049,406,.043,393,.081,447,1496,0,.043,.088,116507
2012,25,MA,.058,445,.053,439,.087,472,1537,1,.039,.089,118478
2013,25,MA,.055,439,.051,430,.079,477,1561,0,.037,.091,120126
2014,25,MA,.055,450,.051,438,.075,515,1613,4,.033,.093,122794
2015,25,MA,.054,450,.051,447,.071,477,1776,1,.028,.091,125454
2016,25,MA,.052,444,.049,442,.066,454,1786,0,.025,.09,129382
2017,25,MA,.05,421,.046,414,.067,441,1781,1,.028,.091,132563
2018,25,MA,.046,430,.043,422,.064,450,2040,1,.028,.088,134086
2019,25,MA,.046,454,.043,447,.06,486,2185,0,.03,.086,140019
2020,25,MA,.046,452,.043,440,.066,484,2129,0,NA,NA,NA
2021,25,MA,.043,455,.04,443,.06,518,2274,0,.025,.089,140323
2022,25,MA,.038,458,.035,449,.058,499,2338,0,.024,.1,139332
2023,25,MA,.014,1438,.012,1419,.021,1527,NA,NA,NA,NA,NA
2011,26,MI,.197,706,.181,704,.294,710,3068,1,.118,.122,83884
2012,26,MI,.203,709,.187,707,.302,710,3122,2,.114,.12,83650
2013,26,MI,.214,712,.196,712,.333,714,3134,0,.11,.127,85193
2014,26,MI,.212,691,.192,683,.34,709,3375,0,.085,.126,85970
2015,26,MI,.208,702,.19,683,.328,784,3393,0,.061,.125,89337
2016,26,MI,.199,682,.181,653,.321,783,3450,1,.054,.126,92145
2017,26,MI,.195,633,.178,612,.319,725,3452,0,.052,.12,93788
2018,26,MI,.182,603,.167,589,.292,661,3486,0,.054,.121,94261
2019,26,MI,.165,604,.152,608,.258,596,3561,0,.058,.123,96159
2020,26,MI,.149,572,.138,577,.233,540,3572,1,NA,NA,NA
2021,26,MI,.135,515,.127,512,.202,534,3647,1,.05,.118,96811
2022,26,MI,.108,424,.101,426,.163,414,3574,0,.045,.122,95637
2023,26,MI,.035,1020,.032,1038,.055,957,NA,NA,NA,NA,NA
2011,27,MN,.041,427,.039,425,.069,431,2358,0,.088,.081,99669
2012,27,MN,.037,486,.035,490,.064,442,2358,0,.08,.082,101208
2013,27,MN,.038,458,.036,457,.064,464,2392,1,.082,.086,102725
2014,27,MN,.041,447,.039,440,.065,494,2536,0,.059,.086,105315
2015,27,MN,.037,422,.036,409,.057,492,2517,1,.045,.088,107330
2016,27,MN,.033,435,.032,427,.05,498,2494,1,.041,.09,109708
2017,27,MN,.03,441,.028,435,.047,522,2495,1,.044,.09,113014
2018,27,MN,.028,437,.027,426,.044,511,2516,0,.044,.087,112907
2019,27,MN,.026,484,.025,479,.042,558,2504,1,.049,.086,115602
2020,27,MN,.025,492,.024,486,.039,537,2434,1,NA,NA,NA
2021,27,MN,.024,478,.023,476,.034,487,2421,1,.045,.096,116165
2022,27,MN,.024,444,.023,445,.033,419,2417,2,.045,.097,114254
2023,27,MN,.007,1293,.007,1306,.011,1172,NA,NA,NA,NA,NA
2011,28,MS,.288,1011,.261,998,.339,1029,2333,0,.177,.148,69565
2012,28,MS,.301,995,.268,962,.362,1055,2363,0,.17,.151,69909
2013,28,MS,.301,969,.271,958,.358,994,2431,4,.171,.153,69035
2014,28,MS,.299,945,.268,936,.357,969,2471,1,.145,.15,70645
2015,28,MS,.279,975,.252,945,.331,1009,2533,0,.127,.146,71342
2016,28,MS,.209,948,.201,924,.224,1002,2665,2,.118,.147,74871
2017,28,MS,.18,893,.17,814,.2,1057,2676,1,.12,.151,74606
2018,28,MS,.186,987,.176,912,.205,1101,2782,0,.121,.15,75165
2019,28,MS,.187,1106,.177,1056,.21,1207,2828,2,.13,.148,77566
2020,28,MS,.195,1037,.179,993,.227,1103,2861,1,NA,NA,NA
2021,28,MS,.185,943,.171,911,.216,987,2841,0,.119,.164,76519
2022,28,MS,.146,728,.131,677,.179,810,2737,0,.108,.164,75613
2023,28,MS,.061,1484,.055,1494,.077,1465,NA,NA,NA,NA,NA
2011,29,MO,.224,885,.206,887,.35,874,1371,3,.137,.122,83214
2012,29,MO,.229,857,.21,859,.37,850,1499,0,.136,.124,81354
2013,29,MO,.242,923,.224,915,.382,956,1520,2,.13,.127,82717
2014,29,MO,.237,943,.221,937,.36,978,1597,1,.117,.131,83878
2015,29,MO,.227,965,.211,946,.363,1052,1672,1,.098,.126,87503
2016,29,MO,.21,896,.193,861,.353,1019,1763,2,.089,.128,89975
2017,29,MO,.189,921,.174,876,.314,1067,1801,0,.091,.127,90694
2018,29,MO,.189,948,.174,916,.318,1132,1868,1,.094,.123,91023
2019,29,MO,.194,1060,.178,1005,.329,1339,1900,2,.1,.127,92826
2020,29,MO,.192,1029,.176,980,.331,1297,1847,1,NA,NA,NA
2021,29,MO,.179,961,.164,933,.308,1115,1889,0,.094,.127,95491
2022,29,MO,.156,808,.142,778,.282,979,1931,0,.086,.129,92233
2023,29,MO,.067,1470,.061,1460,.119,1485,NA,NA,NA,NA,NA
2011,30,MT,.139,1051,.134,1122,.279,578,1945,0,.183,.11,77201
2012,30,MT,.149,1125,.143,1183,.31,722,2099,0,.18,.103,79616
2013,30,MT,.163,1226,.156,1295,.349,742,2094,0,.165,.12,82181
2014,30,MT,.166,1174,.159,1194,.341,969,2125,0,.142,.111,80197
2015,30,MT,.166,1125,.161,1142,.325,860,1988,0,.116,.116,84989
2016,30,MT,.166,1103,.16,1116,.341,998,1892,0,.081,.123,87990
2017,30,MT,.156,952,.15,955,.324,901,1967,0,.085,.112,88251
2018,30,MT,.151,932,.144,911,.322,1125,2063,0,.082,.108,88154
2019,30,MT,.139,950,.133,927,.286,1374,2056,0,.083,.104,92153
2020,30,MT,.133,918,.129,898,.258,1246,1757,0,NA,NA,NA
2021,30,MT,.119,859,.114,851,.278,990,1792,1,.082,.113,97924
2022,30,MT,.101,713,.098,706,.222,943,1813,0,.083,.121,94615
2023,30,MT,.042,1727,.04,1720,.102,1764,NA,NA,NA,NA,NA
2011,31,NE,.111,765,.1,768,.283,736,1388,0,.114,.084,88769
2012,31,NE,.12,831,.108,828,.307,848,1948,0,.113,.084,86425
2013,31,NE,.124,874,.112,855,.31,1011,2036,0,.113,.089,88752
2014,31,NE,.124,928,.111,893,.323,1184,1978,1,.097,.091,87984
2015,31,NE,.096,753,.087,742,.228,820,1772,1,.082,.09,92957
2016,31,NE,.089,732,.082,722,.208,872,1649,0,.086,.099,94690
2017,31,NE,.089,697,.083,678,.191,912,1660,0,.083,.099,96008
2018,31,NE,.08,584,.077,586,.124,564,1819,1,.083,.094,95610
2019,31,NE,.074,726,.071,738,.115,594,1832,0,.083,.1,98373
2020,31,NE,.08,806,.076,825,.143,623,1825,0,NA,NA,NA
2021,31,NE,.071,883,.069,883,.117,864,1798,1,.071,.109,100314
2022,31,NE,.054,659,.052,672,.092,536,1650,0,.067,.106,98494
2023,31,NE,.024,1494,.023,1550,.039,1124,NA,NA,NA,NA,NA
2011,32,NV,.283,1195,.233,1222,.329,1177,2253,0,.219,.098,89023
2012,32,NV,.294,1213,.243,1218,.341,1210,2280,0,.222,.104,87649
2013,32,NV,.311,1288,.255,1219,.364,1337,2258,0,.207,.112,88876
2014,32,NV,.314,1267,.257,1221,.369,1308,2256,0,.152,.115,86272
2015,32,NV,.293,1183,.24,1123,.344,1220,2226,0,.123,.115,90730
2016,32,NV,.245,1073,.209,1143,.283,1033,2250,1,.114,.111,93164
2017,32,NV,.23,1044,.192,1043,.268,1049,2239,0,.112,.101,97487
2018,32,NV,.208,940,.176,1007,.242,894,2357,1,.112,.1,98336
2019,32,NV,.194,1071,.164,1083,.226,1055,2431,0,.114,.096,103625
2020,32,NV,.196,1123,.163,1160,.229,1089,2328,1,NA,NA,NA
2021,32,NV,.177,975,.148,1022,.207,937,2287,0,.116,.107,101160
2022,32,NV,.134,628,.115,701,.152,581,2336,0,.111,.119,102473
2023,32,NV,.071,1875,.061,1832,.083,1894,NA,NA,NA,NA,NA
2011,33,NH,.099,615,.099,615,NA,NA,1154,0,.105,.092,107970
2012,33,NH,.104,571,.104,571,NA,NA,1184,0,.106,.095,106928
2013,33,NH,.094,559,.094,559,NA,NA,1142,0,.107,.102,107767
2014,33,NH,.096,579,.096,579,NA,NA,1214,0,.092,.097,111490
2015,33,NH,.102,643,.102,643,NA,NA,1288,0,.063,.107,115361
2016,33,NH,.09,579,.09,578,NA,NA,1271,0,.059,.105,115416
2017,33,NH,.09,510,.09,510,NA,NA,1281,0,.058,.1,117819
2018,33,NH,.084,556,.083,556,NA,NA,1517,0,.057,.107,118909
2019,33,NH,.081,640,.081,640,NA,NA,1550,0,.063,.105,120235
2020,33,NH,.078,643,.078,643,NA,NA,1550,0,NA,NA,NA
2021,33,NH,.07,559,.07,560,NA,NA,1934,0,.051,.099,125839
2022,33,NH,.059,641,.059,641,NA,NA,2096,0,.049,.107,124369
2023,33,NH,.024,1269,.024,1269,NA,NA,NA,NA,NA,NA,NA
2011,34,NJ,.14,619,.12,645,.174,593,2299,1,.131,.075,124444
2012,34,NJ,.147,597,.125,624,.185,572,2238,1,.127,.077,124861
2013,34,NJ,.159,608,.132,627,.205,589,2541,0,.132,.08,126824
2014,34,NJ,.165,626,.136,629,.215,619,2523,0,.109,.078,127493
2015,34,NJ,.161,635,.131,643,.214,627,2851,0,.087,.077,129921
2016,34,NJ,.154,613,.123,599,.209,626,2881,0,.08,.079,133538
2017,34,NJ,.149,658,.12,671,.199,651,2919,0,.077,.077,136887
2018,34,NJ,.145,619,.119,630,.192,609,3044,0,.074,.077,139366
2019,34,NJ,.14,651,.113,651,.188,651,3095,0,.079,.076,142187
2020,34,NJ,.134,625,.107,595,.184,653,2991,2,NA,NA,NA
2021,34,NJ,.122,562,.096,551,.17,576,3200,0,.072,.078,140505
2022,34,NJ,.103,502,.081,480,.143,521,3030,0,.068,.084,139714
2023,34,NJ,.035,1159,.028,1146,.048,1172,NA,NA,NA,NA,NA
2011,35,NM,.229,776,.184,756,.253,783,1547,1,.198,.117,80347
2012,35,NM,.239,842,.188,792,.265,860,1679,1,.184,.129,78674
2013,35,NM,.252,879,.202,893,.279,878,1754,1,.186,.133,79263
2014,35,NM,.262,904,.21,872,.29,922,1576,0,.145,.128,79118
2015,35,NM,.266,959,.213,959,.294,959,1775,0,.109,.127,80666
2016,35,NM,.253,984,.201,1003,.281,979,1808,0,.092,.126,81905
2017,35,NM,.234,900,.186,965,.26,877,1732,0,.091,.139,80307
2018,35,NM,.227,887,.186,984,.249,864,1804,0,.095,.131,80999
2019,35,NM,.198,952,.164,1015,.215,922,1909,0,.1,.137,85325
2020,35,NM,.18,885,.15,908,.196,879,1899,0,NA,NA,NA
2021,35,NM,.174,834,.142,825,.19,837,1776,0,.1,.141,86573
2022,35,NM,.15,740,.126,729,.162,743,1768,2,.082,.144,85773
2023,35,NM,.059,1550,.047,1568,.065,1542,NA,NA,NA,NA,NA
2011,36,NY,.1,587,.1,593,.099,584,1641,0,.114,.086,108698
2012,36,NY,.094,526,.098,581,.089,430,1689,3,.109,.084,108083
2013,36,NY,.093,523,.1,577,.082,424,1868,0,.107,.087,111143
2014,36,NY,.094,541,.1,587,.084,450,1845,2,.087,.089,111415
2015,36,NY,.085,550,.094,584,.071,482,1850,0,.071,.088,115583
2016,36,NY,.076,561,.084,581,.063,521,1986,2,.061,.089,118542
2017,36,NY,.071,543,.076,562,.063,507,2057,3,.057,.089,120722
2018,36,NY,.076,541,.08,567,.068,487,2073,8,.054,.087,121855
2019,36,NY,.069,569,.073,586,.061,536,2150,4,.052,.09,127950
2020,36,NY,.064,563,.068,580,.059,533,2183,5,NA,NA,NA
2021,36,NY,.059,522,.062,531,.055,506,2247,5,.052,.093,123392
2022,36,NY,.05,466,.051,466,.047,466,2260,1,.049,.1,124034
2023,36,NY,.017,1181,.017,1266,.015,1119,NA,NA,NA,NA,NA
2011,37,NC,.296,940,.272,946,.365,932,2906,1,.163,.116,82548
2012,37,NC,.261,773,.239,783,.33,751,2910,0,.166,.112,82026
2013,37,NC,.279,871,.258,882,.345,850,3149,0,.156,.117,83848
2014,37,NC,.282,924,.259,916,.355,943,3267,2,.131,.118,83788
2015,37,NC,.274,950,.249,945,.35,968,3495,3,.112,.119,86796
2016,37,NC,.269,909,.246,918,.339,891,3419,0,.104,.118,89559
2017,37,NC,.245,801,.226,823,.302,763,3569,1,.107,.112,92120
2018,37,NC,.243,847,.226,863,.296,817,3554,2,.107,.109,93062
2019,37,NC,.233,894,.218,927,.281,829,3596,2,.113,.108,95391
2020,37,NC,.207,828,.194,846,.249,784,3681,1,NA,NA,NA
2021,37,NC,.209,851,.194,865,.256,826,3623,4,.104,.113,97610
2022,37,NC,.189,781,.176,788,.231,770,3722,0,.093,.114,98237
2023,37,NC,.085,1528,.078,1529,.105,1507,NA,NA,NA,NA,NA
2011,38,ND,.126,965,.12,1000,.296,719,3585,0,.098,.079,89410
2012,38,ND,.137,1067,.13,1107,.315,739,3601,0,.1,.082,96211
2013,38,ND,.134,927,.127,1022,.312,815,3749,0,.104,.085,96537
2014,38,ND,.123,920,.117,920,.295,979,3932,0,.079,.083,101855
2015,38,ND,.108,866,.104,868,.234,848,4047,0,.078,.081,104722
2016,38,ND,.094,803,.09,818,.186,703,3853,0,.07,.093,100529
2017,38,ND,.096,830,.093,849,.177,674,4064,0,.075,.081,100270
2018,38,ND,.094,757,.091,762,.169,523,4281,0,.073,.083,100029
2019,38,ND,.082,812,.08,812,.138,NA,4333,0,.069,.092,101962
2020,38,ND,.074,792,.072,773,.128,1164,4234,0,NA,NA,NA
2021,38,ND,.052,651,.051,650,.077,690,4168,0,.079,.107,97454
2022,38,ND,.054,568,.053,566,.092,584,3709,0,.064,.102,101721
2023,38,ND,.024,1286,.024,1257,.039,NA,NA,NA,NA,NA,NA
2011,39,OH,.223,706,.211,702,.32,722,2275,3,.119,.115,82907
2012,39,OH,.226,687,.215,683,.316,698,2293,3,.115,.118,83311
2013,39,OH,.228,688,.217,685,.317,706,2440,1,.11,.119,85187
2014,39,OH,.206,653,.197,651,.28,672,2472,2,.084,.119,85273
2015,39,OH,.201,650,.192,645,.276,679,2428,3,.065,.12,88550
2016,39,OH,.192,587,.185,595,.249,536,2390,2,.056,.121,90717
2017,39,OH,.191,614,.182,595,.274,706,2383,0,.06,.12,91163
2018,39,OH,.186,644,.177,629,.259,746,2489,2,.065,.121,92405
2019,39,OH,.176,718,.168,704,.244,784,2519,5,.066,.118,94756
2020,39,OH,.169,736,.163,728,.229,794,2614,2,NA,NA,NA
2021,39,OH,.162,739,.156,730,.218,780,2646,3,.065,.121,95100
2022,39,OH,.14,641,.134,634,.19,705,2734,2,.059,.122,93818
2023,39,OH,.063,1313,.06,1323,.086,1246,NA,NA,NA,NA,NA
2011,40,OK,.275,882,.258,870,.394,956,1392,0,.187,.141,79264
2012,40,OK,.284,855,.267,844,.404,918,1466,0,.184,.137,80024
2013,40,OK,.282,908,.267,901,.39,939,1526,2,.177,.139,81113
2014,40,OK,.282,883,.268,877,.389,908,1598,0,.154,.144,83125
2015,40,OK,.282,907,.267,901,.394,947,1605,1,.139,.138,85182
2016,40,OK,.26,858,.246,846,.37,937,1684,1,.138,.144,84484
2017,40,OK,.26,917,.248,910,.353,946,1872,2,.142,.147,84554
2018,40,OK,.259,1040,.247,1039,.353,1054,1893,0,.142,.142,86921
2019,40,OK,.254,1216,.241,1206,.355,1262,1959,4,.143,.141,90028
2020,40,OK,.224,1349,.215,1336,.301,1387,2021,0,NA,NA,NA
2021,40,OK,.237,1095,.226,1076,.325,1223,2007,1,.138,.153,84820
2022,40,OK,.198,886,.19,860,.267,1008,2016,0,.117,.155,86147
2023,40,OK,.101,1621,.097,1645,.141,1504,NA,NA,NA,NA,NA
2011,41,OR,.147,1025,.146,1025,.18,1013,2895,0,.157,.115,85039
2012,41,OR,.157,1081,.156,1080,.173,1143,2890,0,.149,.117,86155
2013,41,OR,.161,1070,.16,1071,.183,1041,2885,0,.147,.126,88281
2014,41,OR,.159,1126,.159,1131,.182,853,2878,0,.097,.129,89080
2015,41,OR,.151,1044,.15,1046,.17,949,2866,0,.07,.129,94032
2016,41,OR,.136,995,.135,1002,.157,838,2932,0,.062,.121,98340
2017,41,OR,.118,932,.116,940,.188,739,2895,0,.068,.114,99625
2018,41,OR,.101,785,.099,785,.17,754,2793,0,.071,.116,103428
2019,41,OR,.069,698,.068,697,.117,740,2891,0,.072,.12,105417
2020,41,OR,.068,676,.067,678,.114,551,2883,0,NA,NA,NA
2021,41,OR,.054,695,.054,706,.086,455,2855,0,.061,.13,107571
2022,41,OR,.042,623,.042,632,.06,457,2894,1,.06,.131,107160
2023,41,OR,.015,1372,.015,1368,.014,NA,NA,NA,NA,NA,NA
2011,42,PA,.155,657,.144,677,.224,578,1890,0,.101,.109,91162
2012,42,PA,.165,616,.154,634,.239,553,1950,2,.098,.109,92023
2013,42,PA,.172,628,.163,650,.24,539,2070,2,.097,.109,93647
2014,42,PA,.164,606,.154,619,.233,560,2140,1,.085,.112,94102
2015,42,PA,.155,668,.148,671,.208,659,2197,0,.064,.113,97679
2016,42,PA,.152,663,.146,664,.195,658,2354,2,.056,.117,99093
2017,42,PA,.135,593,.131,602,.17,559,2501,0,.055,.114,100696
2018,42,PA,.13,621,.126,632,.161,576,2576,3,.055,.115,101643
2019,42,PA,.122,633,.118,642,.148,592,2631,3,.058,.115,104630
2020,42,PA,.116,656,.112,669,.146,591,2793,2,NA,NA,NA
2021,42,PA,.105,618,.101,618,.135,626,2839,6,.055,.113,105516
2022,42,PA,.086,512,.083,512,.109,510,2901,4,.053,.12,104132
2023,42,PA,.034,1268,.032,1250,.044,1369,NA,NA,NA,NA,NA
2011,44,RI,.076,400,.068,398,.117,405,2681,0,.108,.096,97841
2012,44,RI,.073,445,.065,461,.111,393,2828,0,.111,.106,96424
2013,44,RI,.073,394,.065,422,.108,370,2927,0,.116,.099,100479
2014,44,RI,.078,418,.068,416,.124,427,2952,0,.074,.118,99295
2015,44,RI,.078,445,.069,441,.119,469,2985,0,.057,.111,100654
2016,44,RI,.08,617,.069,571,.133,736,3018,0,.043,.115,103106
2017,44,RI,.071,469,.065,469,.096,489,3125,0,.046,.114,106007
2018,44,RI,.069,568,.063,547,.098,628,3268,1,.041,.122,105085
2019,44,RI,.064,644,.058,629,.094,677,3224,0,.041,.11,110308
2020,44,RI,.056,652,.054,649,.067,673,3112,0,NA,NA,NA
2021,44,RI,.055,586,.051,600,.074,561,2921,0,.043,.115,111486
2022,44,RI,.047,588,.044,608,.062,449,2925,0,.042,.109,112469
2023,44,RI,.015,1340,.014,1331,.021,1410,NA,NA,NA,NA,NA
2011,45,SC,.299,908,.281,929,.35,876,2343,0,.167,.123,77959
2012,45,SC,.293,853,.275,865,.347,823,2568,2,.168,.124,78357
2013,45,SC,.291,850,.277,861,.332,817,2574,0,.158,.127,78383
2014,45,SC,.295,943,.279,954,.342,922,2882,0,.136,.129,79675
2015,45,SC,.282,901,.266,914,.333,861,3076,3,.109,.126,82729
2016,45,SC,.28,931,.26,957,.343,868,3077,2,.1,.132,86188
2017,45,SC,.26,985,.242,996,.316,952,3246,0,.11,.126,87281
2018,45,SC,.273,955,.252,959,.34,940,3550,0,.105,.122,88267
2019,45,SC,.264,1168,.247,1193,.32,1108,3559,2,.108,.118,93187
2020,45,SC,.252,1107,.235,1138,.307,1024,3448,0,NA,NA,NA
2021,45,SC,.244,1102,.223,1124,.312,1049,3465,4,.1,.121,91736
2022,45,SC,.193,832,.178,855,.246,766,3551,0,.091,.123,92356
2023,45,SC,.091,1753,.085,1768,.113,1700,NA,NA,NA,NA,NA
2011,46,SD,.056,746,.052,746,.14,725,4101,0,.119,.097,82934
2012,46,SD,.06,691,.055,691,.16,672,4365,0,.115,.102,83354
2013,46,SD,.052,743,.047,734,.151,800,4373,0,.113,.114,84163
2014,46,SD,.056,730,.051,700,.153,1013,4705,1,.098,.103,85694
2015,46,SD,.052,672,.047,646,.142,888,4661,0,.102,.101,88348
2016,46,SD,.047,621,.044,603,.115,830,4730,0,.087,.101,90627
2017,46,SD,.045,594,.042,570,.11,813,4715,2,.091,.098,91314
2018,46,SD,.043,658,.041,593,.09,1155,4746,0,.098,.105,89850
2019,46,SD,.041,738,.038,713,.097,1091,4789,1,.102,.11,92546
2020,46,SD,.045,816,.042,806,.098,1078,4867,0,NA,NA,NA
2021,46,SD,.034,768,.032,748,.075,974,4896,0,.095,.1,96924
2022,46,SD,.029,688,.028,686,.059,692,4823,0,.081,.11,94544
2023,46,SD,.014,1615,.013,1638,.032,NA,NA,NA,NA,NA,NA
2011,47,TN,.224,908,.216,902,.266,933,1955,0,.146,.138,79109
2012,47,TN,.226,860,.219,872,.267,817,1972,0,.139,.135,79027
2013,47,TN,.244,872,.235,880,.293,838,2104,5,.139,.137,81300
2014,47,TN,.247,895,.239,892,.289,906,2169,4,.12,.141,80745
2015,47,TN,.239,900,.235,902,.265,887,2129,4,.103,.137,84859
2016,47,TN,.242,938,.237,944,.268,922,2134,4,.09,.139,86462
2017,47,TN,.232,937,.227,950,.259,906,2462,0,.095,.132,89511
2018,47,TN,.224,1037,.218,1051,.256,979,2634,4,.101,.135,89134
2019,47,TN,.215,1130,.206,1137,.267,1108,2673,2,.101,.132,93005
2020,47,TN,.206,1117,.197,1101,.261,1201,2687,6,NA,NA,NA
2021,47,TN,.193,1091,.189,1118,.221,949,2755,1,.1,.128,94206
2022,47,TN,.169,951,.164,967,.199,861,2713,0,.093,.126,93496
2023,47,TN,.074,1392,.069,1447,.106,1180,NA,NA,NA,NA,NA
2011,48,TX,.263,899,.236,905,.285,895,1926,5,.23,.101,93380
2012,48,TX,.257,905,.232,894,.278,914,1954,4,.225,.1,93869
2013,48,TX,.259,926,.235,913,.279,938,1966,6,.221,.1,96034
2014,48,TX,.263,986,.236,973,.287,995,1999,4,.191,.099,97249
2015,48,TX,.261,1016,.235,994,.284,1028,2007,11,.171,.098,101382
2016,48,TX,.259,1079,.233,1037,.282,1112,2048,4,.166,.098,102003
2017,48,TX,.25,1032,.223,973,.273,1065,2096,7,.173,.095,102887
2018,48,TX,.248,1006,.226,956,.268,1029,2131,6,.177,.095,104089
2019,48,TX,.233,1158,.21,1131,.253,1181,2183,14,.184,.094,106885
2020,48,TX,.23,1227,.207,1166,.251,1277,2252,16,NA,NA,NA
2021,48,TX,.212,1113,.192,1063,.231,1157,2275,8,.18,.101,105328
2022,48,TX,.177,878,.16,838,.193,911,2266,15,.166,.104,105926
2023,48,TX,.089,1628,.078,1619,.1,1635,NA,NA,NA,NA,NA
2011,49,UT,.193,1130,.183,1124,.327,1172,3467,0,.153,.081,94212
2012,49,UT,.193,1222,.183,1226,.336,1200,3412,0,.145,.082,95388
2013,49,UT,.189,1199,.179,1194,.326,1227,3406,0,.14,.086,98389
2014,49,UT,.174,1030,.165,1016,.296,1149,3503,0,.125,.086,99638
2015,49,UT,.171,1120,.162,1104,.291,1248,3497,0,.105,.088,102666
2016,49,UT,.171,1118,.162,1103,.29,1264,3390,0,.088,.089,106790
2017,49,UT,.134,1080,.128,1064,.227,1254,3354,0,.092,.083,107454
2018,49,UT,.145,1210,.139,1201,.236,1327,3767,0,.094,.084,110539
2019,49,UT,.14,1238,.134,1241,.236,1183,3622,0,.097,.081,114911
2020,49,UT,.14,1187,.134,1194,.235,1065,3614,0,NA,NA,NA
2021,49,UT,.129,1137,.123,1144,.227,1066,3617,0,.09,.097,118156
2022,49,UT,.065,572,.061,570,.13,589,3701,0,.081,.097,118738
2023,49,UT,.024,1567,.023,1560,.045,1666,NA,NA,NA,NA,NA
2011,50,VT,.098,599,.097,599,NA,NA,1664,0,.066,.104,91030
2012,50,VT,.1,628,.1,629,NA,NA,1719,0,.065,.116,91100
2013,50,VT,.094,583,.094,583,NA,NA,1859,0,.072,.115,91257
2014,50,VT,.093,623,.093,623,NA,NA,1666,0,.05,.123,90062
2015,50,VT,.093,659,.093,659,NA,NA,1711,0,.038,.121,95777
2016,50,VT,.08,677,.08,674,NA,NA,1697,0,.037,.127,96300
2017,50,VT,.08,747,.08,745,NA,NA,1723,0,.046,.122,95170
2018,50,VT,.067,569,.067,569,NA,NA,1696,0,.04,.115,96485
2019,50,VT,.063,597,.063,597,NA,NA,1801,0,.045,.121,98940
2020,50,VT,.056,707,.056,707,NA,NA,1769,0,NA,NA,NA
2021,50,VT,.051,573,.051,573,NA,NA,2290,0,.037,.112,106259
2022,50,VT,.043,457,.043,457,NA,NA,2565,0,.039,.13,101265
2023,50,VT,.012,1054,.012,1054,NA,NA,NA,NA,NA,NA,NA
2011,51,VA,.175,719,.165,722,.199,715,3394,0,.125,.091,113841
2012,51,VA,.184,710,.172,697,.212,737,3387,1,.125,.087,112330
2013,51,VA,.194,760,.181,743,.224,793,3515,1,.123,.093,113294
2014,51,VA,.191,749,.18,749,.218,752,3609,1,.109,.094,113853
2015,51,VA,.186,762,.175,752,.212,784,3626,4,.091,.093,116416
2016,51,VA,.177,739,.166,726,.202,768,3641,1,.087,.097,119260
2017,51,VA,.183,791,.171,766,.212,837,3715,1,.088,.097,121372
2018,51,VA,.185,825,.171,784,.219,902,3821,1,.088,.094,122416
2019,51,VA,.176,878,.162,851,.209,929,3935,0,.079,.097,125251
2020,51,VA,.166,889,.15,844,.206,958,3998,0,NA,NA,NA
2021,51,VA,.16,847,.145,797,.195,934,4095,2,.068,.101,125141
2022,51,VA,.138,742,.125,705,.17,816,4145,0,.065,.104,123959
2023,51,VA,.062,1436,.054,1446,.084,1418,NA,NA,NA,NA,NA
2011,53,WA,.105,843,.099,829,.138,935,2203,0,.142,.106,100492
2012,53,WA,.104,906,.099,873,.136,1125,2247,0,.139,.102,100622
2013,53,WA,.105,930,.101,908,.128,1025,2203,0,.14,.111,102144
2014,53,WA,.107,963,.103,931,.134,1158,2339,0,.092,.111,104535
2015,53,WA,.095,784,.092,771,.115,865,2360,0,.066,.109,110113
2016,53,WA,.086,809,.083,783,.103,917,2429,0,.06,.11,114659
2017,53,WA,.074,712,.072,706,.088,727,2354,0,.061,.106,117218
2018,53,WA,.063,678,.06,671,.082,726,2391,1,.064,.104,121054
2019,53,WA,.062,745,.059,732,.085,809,2422,0,.066,.102,126066
2020,53,WA,.053,692,.05,678,.072,757,2509,2,NA,NA,NA
2021,53,WA,.053,681,.05,679,.077,695,2515,0,.064,.109,130833
2022,53,WA,.044,564,.04,563,.066,564,2492,0,.061,.112,131028
2023,53,WA,.014,1353,.014,1328,.02,1441,NA,NA,NA,NA,NA
2011,54,WV,.293,1011,.293,1011,NA,NA,2359,1,.149,.173,72158
2012,54,WV,.303,953,.304,953,NA,NA,2407,0,.144,.17,71518
2013,54,WV,.319,1035,.319,1036,NA,NA,2443,0,.14,.181,72968
2014,54,WV,.316,985,.316,985,NA,NA,2446,1,.086,.179,70632
2015,54,WV,.301,933,.302,933,NA,NA,2473,0,.06,.169,72722
2016,54,WV,.29,788,.29,787,NA,NA,2552,0,.053,.178,76382
2017,54,WV,.308,847,.308,847,NA,NA,2586,0,.061,.176,74034
2018,54,WV,.314,825,.314,825,NA,NA,2794,0,.064,.165,74877
2019,54,WV,.286,778,.286,776,NA,NA,3063,1,.067,.17,78472
2020,54,WV,.259,695,.259,695,NA,NA,3463,3,NA,NA,NA
2021,54,WV,.258,706,.258,706,NA,NA,3388,0,.061,.168,81293
2022,54,WV,.23,574,.23,574,NA,NA,3905,0,.059,.163,78363
2023,54,WV,.067,1406,.067,1405,NA,NA,NA,NA,NA,NA,NA
2011,55,WI,.159,1023,.138,1057,.352,924,1899,2,.09,.092,87289
2012,55,WI,.163,1052,.142,1094,.358,917,1957,0,.09,.094,87618
2013,55,WI,.165,1029,.145,1060,.353,912,2013,0,.091,.1,88016
2014,55,WI,.161,1055,.145,1071,.316,996,2133,0,.073,.1,88749
2015,55,WI,.165,1141,.146,1158,.348,1094,2240,0,.057,.099,92688
2016,55,WI,.162,1124,.142,1110,.365,1197,2193,0,.053,.098,95359
2017,55,WI,.162,1210,.14,1195,.384,1257,2333,0,.054,.096,96175
2018,55,WI,.155,1232,.136,1235,.349,1228,2443,3,.055,.092,96657
2019,55,WI,.153,1228,.136,1237,.345,1204,2509,0,.057,.094,98802
2020,55,WI,.11,1043,.099,1043,.232,1045,2616,0,NA,NA,NA
2021,55,WI,.115,1037,.104,1048,.242,992,2644,0,.054,.101,99297
2022,55,WI,.101,977,.093,1003,.184,817,2677,1,.052,.104,97958
2023,55,WI,.052,1662,.048,1711,.09,1296,NA,NA,NA,NA,NA
2011,56,WY,.185,1417,.184,1428,.549,NA,2417,0,.154,.102,93312
2012,56,WY,.192,1399,.19,1411,.538,NA,2511,0,.154,.097,90535
2013,56,WY,.199,1461,.196,1494,NA,NA,2482,0,.134,.102,93887
2014,56,WY,.206,1400,.204,1409,.577,NA,2568,1,.12,.108,93063
2015,56,WY,.204,1280,.202,1278,.574,NA,2465,0,.115,.105,98904
2016,56,WY,.196,1421,.194,1421,.643,NA,2455,0,.115,.112,95945
2017,56,WY,.195,1448,.192,1432,.661,NA,2386,0,.123,.122,94293
2018,56,WY,.192,1519,.189,1518,.68,NA,2400,1,.105,.105,99423
2019,56,WY,.191,1617,.188,1615,NA,NA,2485,0,.123,.115,99107
2020,56,WY,.187,1765,.184,1758,.635,2691,2620,1,NA,NA,NA
2021,56,WY,.173,1812,.172,1812,.453,NA,2511,0,.122,.113,97730
2022,56,WY,.155,1539,.153,1541,.434,NA,2649,1,.115,.121,93724
2023,56,WY,.1,2516,.099,2558,.21,NA,NA,NA,NA,NA,NA